cell_line_name,genetic_feature,is_mutated
ALL-PO,ARID1A_mut,0
ALL-PO,ARID1B_mut,0
ALL-PO,ASXL2_mut,0
ALL-PO,BAP1_mut,0
ALL-PO,CDKN2A_mut,0
ALL-PO,CNOT1_mut,0
ALL-PO,CNOT3_mut,0
ALL-PO,CREBBP_mut,0
ALL-PO,CUX1_mut,0
ALL-PO,EP300_mut,0
ALL-PO,FAT1_mut,0
ALL-PO,FBXW7_mut,0
ALL-PO,KDM6A_mut,0
ALL-PO,KRAS_mut,0
ALL-PO,MAP2K4_mut,0
ALL-PO,MLL.AFF1_mut,1
ALL-PO,NCOR1_mut,0
ALL-PO,NF1_mut,0
ALL-PO,NOTCH1_mut,0
ALL-PO,NRAS_mut,0
ALL-PO,PBRM1_mut,0
ALL-PO,PTEN_mut,0
ALL-PO,RB1_mut,0
ALL-PO,RPL5_mut,0
ALL-PO,SACS_mut,0
ALL-PO,SMAD4_mut,0
ALL-PO,SMARCA4_mut,0
ALL-PO,TP53_mut,1
ALL-SIL,ARID1A_mut,0
ALL-SIL,ARID1B_mut,0
ALL-SIL,ASXL2_mut,0
ALL-SIL,BAP1_mut,0
ALL-SIL,CDKN2A_mut,0
ALL-SIL,CNOT1_mut,0
ALL-SIL,CNOT3_mut,0
ALL-SIL,CREBBP_mut,0
ALL-SIL,CUX1_mut,0
ALL-SIL,EP300_mut,0
ALL-SIL,FAT1_mut,0
ALL-SIL,FBXW7_mut,0
ALL-SIL,KDM6A_mut,0
ALL-SIL,KRAS_mut,0
ALL-SIL,MAP2K4_mut,0
ALL-SIL,MLL.AFF1_mut,0
ALL-SIL,NCOR1_mut,0
ALL-SIL,NF1_mut,0
ALL-SIL,NOTCH1_mut,1
ALL-SIL,NRAS_mut,0
ALL-SIL,PBRM1_mut,0
ALL-SIL,PTEN_mut,0
ALL-SIL,RB1_mut,0
ALL-SIL,RPL5_mut,0
ALL-SIL,SACS_mut,0
ALL-SIL,SMAD4_mut,0
ALL-SIL,SMARCA4_mut,0
ALL-SIL,TP53_mut,0
ATN-1,ARID1A_mut,0
ATN-1,ARID1B_mut,0
ATN-1,ASXL2_mut,0
ATN-1,BAP1_mut,0
ATN-1,CDKN2A_mut,0
ATN-1,CNOT1_mut,0
ATN-1,CNOT3_mut,0
ATN-1,CREBBP_mut,0
ATN-1,CUX1_mut,0
ATN-1,EP300_mut,0
ATN-1,FAT1_mut,0
ATN-1,FBXW7_mut,0
ATN-1,KDM6A_mut,0
ATN-1,KRAS_mut,0
ATN-1,MAP2K4_mut,0
ATN-1,MLL.AFF1_mut,0
ATN-1,NCOR1_mut,0
ATN-1,NF1_mut,0
ATN-1,NOTCH1_mut,1
ATN-1,NRAS_mut,0
ATN-1,PBRM1_mut,0
ATN-1,PTEN_mut,0
ATN-1,RB1_mut,0
ATN-1,RPL5_mut,0
ATN-1,SACS_mut,0
ATN-1,SMAD4_mut,0
ATN-1,SMARCA4_mut,0
ATN-1,TP53_mut,1
BE-13,ARID1A_mut,0
BE-13,ARID1B_mut,0
BE-13,ASXL2_mut,0
BE-13,BAP1_mut,0
BE-13,CDKN2A_mut,0
BE-13,CNOT1_mut,0
BE-13,CNOT3_mut,1
BE-13,CREBBP_mut,0
BE-13,CUX1_mut,0
BE-13,EP300_mut,0
BE-13,FAT1_mut,0
BE-13,FBXW7_mut,0
BE-13,KDM6A_mut,1
BE-13,KRAS_mut,0
BE-13,MAP2K4_mut,0
BE-13,MLL.AFF1_mut,0
BE-13,NCOR1_mut,0
BE-13,NF1_mut,0
BE-13,NOTCH1_mut,0
BE-13,NRAS_mut,0
BE-13,PBRM1_mut,0
BE-13,PTEN_mut,0
BE-13,RB1_mut,0
BE-13,RPL5_mut,0
BE-13,SACS_mut,0
BE-13,SMAD4_mut,0
BE-13,SMARCA4_mut,0
BE-13,TP53_mut,1
CCRF-CEM,ARID1A_mut,0
CCRF-CEM,ARID1B_mut,0
CCRF-CEM,ASXL2_mut,0
CCRF-CEM,BAP1_mut,0
CCRF-CEM,CDKN2A_mut,0
CCRF-CEM,CNOT1_mut,0
CCRF-CEM,CNOT3_mut,0
CCRF-CEM,CREBBP_mut,0
CCRF-CEM,CUX1_mut,0
CCRF-CEM,EP300_mut,0
CCRF-CEM,FAT1_mut,0
CCRF-CEM,FBXW7_mut,1
CCRF-CEM,KDM6A_mut,0
CCRF-CEM,KRAS_mut,1
CCRF-CEM,MAP2K4_mut,0
CCRF-CEM,MLL.AFF1_mut,0
CCRF-CEM,NCOR1_mut,0
CCRF-CEM,NF1_mut,0
CCRF-CEM,NOTCH1_mut,0
CCRF-CEM,NRAS_mut,0
CCRF-CEM,PBRM1_mut,0
CCRF-CEM,PTEN_mut,0
CCRF-CEM,RB1_mut,0
CCRF-CEM,RPL5_mut,0
CCRF-CEM,SACS_mut,0
CCRF-CEM,SMAD4_mut,0
CCRF-CEM,SMARCA4_mut,0
CCRF-CEM,TP53_mut,1
DND-41,ARID1A_mut,0
DND-41,ARID1B_mut,0
DND-41,ASXL2_mut,0
DND-41,BAP1_mut,0
DND-41,CDKN2A_mut,0
DND-41,CNOT1_mut,0
DND-41,CNOT3_mut,0
DND-41,CREBBP_mut,0
DND-41,CUX1_mut,0
DND-41,EP300_mut,0
DND-41,FAT1_mut,0
DND-41,FBXW7_mut,0
DND-41,KDM6A_mut,0
DND-41,KRAS_mut,0
DND-41,MAP2K4_mut,1
DND-41,MLL.AFF1_mut,0
DND-41,NCOR1_mut,0
DND-41,NF1_mut,0
DND-41,NOTCH1_mut,0
DND-41,NRAS_mut,1
DND-41,PBRM1_mut,0
DND-41,PTEN_mut,0
DND-41,RB1_mut,0
DND-41,RPL5_mut,0
DND-41,SACS_mut,0
DND-41,SMAD4_mut,0
DND-41,SMARCA4_mut,1
DND-41,TP53_mut,1
GR-ST,ARID1A_mut,0
GR-ST,ARID1B_mut,0
GR-ST,ASXL2_mut,0
GR-ST,BAP1_mut,0
GR-ST,CDKN2A_mut,0
GR-ST,CNOT1_mut,0
GR-ST,CNOT3_mut,0
GR-ST,CREBBP_mut,0
GR-ST,CUX1_mut,0
GR-ST,EP300_mut,0
GR-ST,FAT1_mut,0
GR-ST,FBXW7_mut,0
GR-ST,KDM6A_mut,1
GR-ST,KRAS_mut,0
GR-ST,MAP2K4_mut,0
GR-ST,MLL.AFF1_mut,0
GR-ST,NCOR1_mut,0
GR-ST,NF1_mut,0
GR-ST,NOTCH1_mut,0
GR-ST,NRAS_mut,0
GR-ST,PBRM1_mut,0
GR-ST,PTEN_mut,0
GR-ST,RB1_mut,1
GR-ST,RPL5_mut,0
GR-ST,SACS_mut,0
GR-ST,SMAD4_mut,0
GR-ST,SMARCA4_mut,0
GR-ST,TP53_mut,1
HAL-01,ARID1A_mut,0
HAL-01,ARID1B_mut,0
HAL-01,ASXL2_mut,0
HAL-01,BAP1_mut,0
HAL-01,CDKN2A_mut,0
HAL-01,CNOT1_mut,0
HAL-01,CNOT3_mut,0
HAL-01,CREBBP_mut,1
HAL-01,CUX1_mut,0
HAL-01,EP300_mut,0
HAL-01,FAT1_mut,0
HAL-01,FBXW7_mut,0
HAL-01,KDM6A_mut,0
HAL-01,KRAS_mut,0
HAL-01,MAP2K4_mut,0
HAL-01,MLL.AFF1_mut,0
HAL-01,NCOR1_mut,0
HAL-01,NF1_mut,0
HAL-01,NOTCH1_mut,0
HAL-01,NRAS_mut,1
HAL-01,PBRM1_mut,0
HAL-01,PTEN_mut,0
HAL-01,RB1_mut,0
HAL-01,RPL5_mut,0
HAL-01,SACS_mut,0
HAL-01,SMAD4_mut,0
HAL-01,SMARCA4_mut,0
HAL-01,TP53_mut,0
Jurkat,ARID1A_mut,1
Jurkat,ARID1B_mut,1
Jurkat,ASXL2_mut,0
Jurkat,BAP1_mut,0
Jurkat,CDKN2A_mut,0
Jurkat,CNOT1_mut,1
Jurkat,CNOT3_mut,0
Jurkat,CREBBP_mut,1
Jurkat,CUX1_mut,0
Jurkat,EP300_mut,0
Jurkat,FAT1_mut,0
Jurkat,FBXW7_mut,1
Jurkat,KDM6A_mut,0
Jurkat,KRAS_mut,0
Jurkat,MAP2K4_mut,0
Jurkat,MLL.AFF1_mut,0
Jurkat,NCOR1_mut,0
Jurkat,NF1_mut,0
Jurkat,NOTCH1_mut,0
Jurkat,NRAS_mut,0
Jurkat,PBRM1_mut,0
Jurkat,PTEN_mut,1
Jurkat,RB1_mut,0
Jurkat,RPL5_mut,0
Jurkat,SACS_mut,1
Jurkat,SMAD4_mut,0
Jurkat,SMARCA4_mut,1
Jurkat,TP53_mut,1
KARPAS-45,ARID1A_mut,0
KARPAS-45,ARID1B_mut,0
KARPAS-45,ASXL2_mut,0
KARPAS-45,BAP1_mut,0
KARPAS-45,CDKN2A_mut,1
KARPAS-45,CNOT1_mut,0
KARPAS-45,CNOT3_mut,0
KARPAS-45,CREBBP_mut,1
KARPAS-45,CUX1_mut,0
KARPAS-45,EP300_mut,0
KARPAS-45,FAT1_mut,0
KARPAS-45,FBXW7_mut,1
KARPAS-45,KDM6A_mut,0
KARPAS-45,KRAS_mut,0
KARPAS-45,MAP2K4_mut,0
KARPAS-45,MLL.AFF1_mut,0
KARPAS-45,NCOR1_mut,0
KARPAS-45,NF1_mut,0
KARPAS-45,NOTCH1_mut,0
KARPAS-45,NRAS_mut,0
KARPAS-45,PBRM1_mut,0
KARPAS-45,PTEN_mut,1
KARPAS-45,RB1_mut,0
KARPAS-45,RPL5_mut,0
KARPAS-45,SACS_mut,0
KARPAS-45,SMAD4_mut,0
KARPAS-45,SMARCA4_mut,0
KARPAS-45,TP53_mut,1
KE-37,ARID1A_mut,0
KE-37,ARID1B_mut,0
KE-37,ASXL2_mut,0
KE-37,BAP1_mut,0
KE-37,CDKN2A_mut,0
KE-37,CNOT1_mut,0
KE-37,CNOT3_mut,0
KE-37,CREBBP_mut,0
KE-37,CUX1_mut,0
KE-37,EP300_mut,0
KE-37,FAT1_mut,0
KE-37,FBXW7_mut,0
KE-37,KDM6A_mut,0
KE-37,KRAS_mut,0
KE-37,MAP2K4_mut,0
KE-37,MLL.AFF1_mut,0
KE-37,NCOR1_mut,0
KE-37,NF1_mut,0
KE-37,NOTCH1_mut,0
KE-37,NRAS_mut,1
KE-37,PBRM1_mut,0
KE-37,PTEN_mut,0
KE-37,RB1_mut,0
KE-37,RPL5_mut,0
KE-37,SACS_mut,0
KE-37,SMAD4_mut,0
KE-37,SMARCA4_mut,0
KE-37,TP53_mut,1
LOUCY,ARID1A_mut,0
LOUCY,ARID1B_mut,0
LOUCY,ASXL2_mut,0
LOUCY,BAP1_mut,0
LOUCY,CDKN2A_mut,0
LOUCY,CNOT1_mut,0
LOUCY,CNOT3_mut,0
LOUCY,CREBBP_mut,0
LOUCY,CUX1_mut,0
LOUCY,EP300_mut,0
LOUCY,FAT1_mut,0
LOUCY,FBXW7_mut,0
LOUCY,KDM6A_mut,0
LOUCY,KRAS_mut,0
LOUCY,MAP2K4_mut,0
LOUCY,MLL.AFF1_mut,0
LOUCY,NCOR1_mut,0
LOUCY,NF1_mut,0
LOUCY,NOTCH1_mut,0
LOUCY,NRAS_mut,0
LOUCY,PBRM1_mut,0
LOUCY,PTEN_mut,0
LOUCY,RB1_mut,0
LOUCY,RPL5_mut,0
LOUCY,SACS_mut,0
LOUCY,SMAD4_mut,0
LOUCY,SMARCA4_mut,0
LOUCY,TP53_mut,1
MOLT-13,ARID1A_mut,0
MOLT-13,ARID1B_mut,0
MOLT-13,ASXL2_mut,0
MOLT-13,BAP1_mut,1
MOLT-13,CDKN2A_mut,0
MOLT-13,CNOT1_mut,0
MOLT-13,CNOT3_mut,0
MOLT-13,CREBBP_mut,1
MOLT-13,CUX1_mut,0
MOLT-13,EP300_mut,0
MOLT-13,FAT1_mut,0
MOLT-13,FBXW7_mut,1
MOLT-13,KDM6A_mut,0
MOLT-13,KRAS_mut,0
MOLT-13,MAP2K4_mut,0
MOLT-13,MLL.AFF1_mut,0
MOLT-13,NCOR1_mut,0
MOLT-13,NF1_mut,0
MOLT-13,NOTCH1_mut,0
MOLT-13,NRAS_mut,1
MOLT-13,PBRM1_mut,0
MOLT-13,PTEN_mut,0
MOLT-13,RB1_mut,0
MOLT-13,RPL5_mut,0
MOLT-13,SACS_mut,0
MOLT-13,SMAD4_mut,0
MOLT-13,SMARCA4_mut,0
MOLT-13,TP53_mut,1
MOLT-16,ARID1A_mut,0
MOLT-16,ARID1B_mut,0
MOLT-16,ASXL2_mut,0
MOLT-16,BAP1_mut,0
MOLT-16,CDKN2A_mut,0
MOLT-16,CNOT1_mut,0
MOLT-16,CNOT3_mut,0
MOLT-16,CREBBP_mut,0
MOLT-16,CUX1_mut,0
MOLT-16,EP300_mut,0
MOLT-16,FAT1_mut,0
MOLT-16,FBXW7_mut,0
MOLT-16,KDM6A_mut,0
MOLT-16,KRAS_mut,0
MOLT-16,MAP2K4_mut,0
MOLT-16,MLL.AFF1_mut,0
MOLT-16,NCOR1_mut,0
MOLT-16,NF1_mut,0
MOLT-16,NOTCH1_mut,0
MOLT-16,NRAS_mut,0
MOLT-16,PBRM1_mut,0
MOLT-16,PTEN_mut,1
MOLT-16,RB1_mut,0
MOLT-16,RPL5_mut,0
MOLT-16,SACS_mut,0
MOLT-16,SMAD4_mut,1
MOLT-16,SMARCA4_mut,0
MOLT-16,TP53_mut,1
MOLT-4,ARID1A_mut,0
MOLT-4,ARID1B_mut,0
MOLT-4,ASXL2_mut,0
MOLT-4,BAP1_mut,0
MOLT-4,CDKN2A_mut,0
MOLT-4,CNOT1_mut,1
MOLT-4,CNOT3_mut,0
MOLT-4,CREBBP_mut,0
MOLT-4,CUX1_mut,0
MOLT-4,EP300_mut,1
MOLT-4,FAT1_mut,0
MOLT-4,FBXW7_mut,0
MOLT-4,KDM6A_mut,0
MOLT-4,KRAS_mut,0
MOLT-4,MAP2K4_mut,0
MOLT-4,MLL.AFF1_mut,0
MOLT-4,NCOR1_mut,0
MOLT-4,NF1_mut,1
MOLT-4,NOTCH1_mut,1
MOLT-4,NRAS_mut,1
MOLT-4,PBRM1_mut,0
MOLT-4,PTEN_mut,1
MOLT-4,RB1_mut,0
MOLT-4,RPL5_mut,0
MOLT-4,SACS_mut,0
MOLT-4,SMAD4_mut,1
MOLT-4,SMARCA4_mut,0
MOLT-4,TP53_mut,1
P12-ICHIKAWA,ARID1A_mut,0
P12-ICHIKAWA,ARID1B_mut,0
P12-ICHIKAWA,ASXL2_mut,0
P12-ICHIKAWA,BAP1_mut,0
P12-ICHIKAWA,CDKN2A_mut,0
P12-ICHIKAWA,CNOT1_mut,0
P12-ICHIKAWA,CNOT3_mut,0
P12-ICHIKAWA,CREBBP_mut,0
P12-ICHIKAWA,CUX1_mut,0
P12-ICHIKAWA,EP300_mut,0
P12-ICHIKAWA,FAT1_mut,0
P12-ICHIKAWA,FBXW7_mut,1
P12-ICHIKAWA,KDM6A_mut,0
P12-ICHIKAWA,KRAS_mut,0
P12-ICHIKAWA,MAP2K4_mut,0
P12-ICHIKAWA,MLL.AFF1_mut,0
P12-ICHIKAWA,NCOR1_mut,0
P12-ICHIKAWA,NF1_mut,0
P12-ICHIKAWA,NOTCH1_mut,0
P12-ICHIKAWA,NRAS_mut,1
P12-ICHIKAWA,PBRM1_mut,0
P12-ICHIKAWA,PTEN_mut,0
P12-ICHIKAWA,RB1_mut,0
P12-ICHIKAWA,RPL5_mut,0
P12-ICHIKAWA,SACS_mut,0
P12-ICHIKAWA,SMAD4_mut,0
P12-ICHIKAWA,SMARCA4_mut,0
P12-ICHIKAWA,TP53_mut,1
P30-OHK,ARID1A_mut,0
P30-OHK,ARID1B_mut,0
P30-OHK,ASXL2_mut,0
P30-OHK,BAP1_mut,0
P30-OHK,CDKN2A_mut,0
P30-OHK,CNOT1_mut,0
P30-OHK,CNOT3_mut,0
P30-OHK,CREBBP_mut,0
P30-OHK,CUX1_mut,0
P30-OHK,EP300_mut,1
P30-OHK,FAT1_mut,1
P30-OHK,FBXW7_mut,0
P30-OHK,KDM6A_mut,0
P30-OHK,KRAS_mut,0
P30-OHK,MAP2K4_mut,0
P30-OHK,MLL.AFF1_mut,0
P30-OHK,NCOR1_mut,1
P30-OHK,NF1_mut,0
P30-OHK,NOTCH1_mut,0
P30-OHK,NRAS_mut,0
P30-OHK,PBRM1_mut,0
P30-OHK,PTEN_mut,0
P30-OHK,RB1_mut,0
P30-OHK,RPL5_mut,0
P30-OHK,SACS_mut,0
P30-OHK,SMAD4_mut,0
P30-OHK,SMARCA4_mut,0
P30-OHK,TP53_mut,0
PF-382,ARID1A_mut,0
PF-382,ARID1B_mut,0
PF-382,ASXL2_mut,0
PF-382,BAP1_mut,0
PF-382,CDKN2A_mut,0
PF-382,CNOT1_mut,0
PF-382,CNOT3_mut,0
PF-382,CREBBP_mut,0
PF-382,CUX1_mut,0
PF-382,EP300_mut,0
PF-382,FAT1_mut,0
PF-382,FBXW7_mut,0
PF-382,KDM6A_mut,1
PF-382,KRAS_mut,0
PF-382,MAP2K4_mut,0
PF-382,MLL.AFF1_mut,0
PF-382,NCOR1_mut,0
PF-382,NF1_mut,0
PF-382,NOTCH1_mut,0
PF-382,NRAS_mut,1
PF-382,PBRM1_mut,0
PF-382,PTEN_mut,1
PF-382,RB1_mut,0
PF-382,RPL5_mut,0
PF-382,SACS_mut,0
PF-382,SMAD4_mut,0
PF-382,SMARCA4_mut,0
PF-382,TP53_mut,1
RPMI-8402,ARID1A_mut,0
RPMI-8402,ARID1B_mut,0
RPMI-8402,ASXL2_mut,0
RPMI-8402,BAP1_mut,0
RPMI-8402,CDKN2A_mut,0
RPMI-8402,CNOT1_mut,0
RPMI-8402,CNOT3_mut,0
RPMI-8402,CREBBP_mut,0
RPMI-8402,CUX1_mut,0
RPMI-8402,EP300_mut,0
RPMI-8402,FAT1_mut,0
RPMI-8402,FBXW7_mut,1
RPMI-8402,KDM6A_mut,0
RPMI-8402,KRAS_mut,0
RPMI-8402,MAP2K4_mut,0
RPMI-8402,MLL.AFF1_mut,0
RPMI-8402,NCOR1_mut,0
RPMI-8402,NF1_mut,0
RPMI-8402,NOTCH1_mut,0
RPMI-8402,NRAS_mut,0
RPMI-8402,PBRM1_mut,0
RPMI-8402,PTEN_mut,1
RPMI-8402,RB1_mut,0
RPMI-8402,RPL5_mut,0
RPMI-8402,SACS_mut,0
RPMI-8402,SMAD4_mut,0
RPMI-8402,SMARCA4_mut,0
RPMI-8402,TP53_mut,1
RS4-11,ARID1A_mut,0
RS4-11,ARID1B_mut,0
RS4-11,ASXL2_mut,0
RS4-11,BAP1_mut,0
RS4-11,CDKN2A_mut,0
RS4-11,CNOT1_mut,0
RS4-11,CNOT3_mut,0
RS4-11,CREBBP_mut,0
RS4-11,CUX1_mut,0
RS4-11,EP300_mut,0
RS4-11,FAT1_mut,0
RS4-11,FBXW7_mut,0
RS4-11,KDM6A_mut,0
RS4-11,KRAS_mut,0
RS4-11,MAP2K4_mut,0
RS4-11,MLL.AFF1_mut,1
RS4-11,NCOR1_mut,0
RS4-11,NF1_mut,0
RS4-11,NOTCH1_mut,0
RS4-11,NRAS_mut,0
RS4-11,PBRM1_mut,0
RS4-11,PTEN_mut,0
RS4-11,RB1_mut,0
RS4-11,RPL5_mut,0
RS4-11,SACS_mut,0
RS4-11,SMAD4_mut,0
RS4-11,SMARCA4_mut,0
RS4-11,TP53_mut,0
SUP-B15,ARID1A_mut,0
SUP-B15,ARID1B_mut,0
SUP-B15,ASXL2_mut,0
SUP-B15,BAP1_mut,0
SUP-B15,CDKN2A_mut,0
SUP-B15,CNOT1_mut,0
SUP-B15,CNOT3_mut,0
SUP-B15,CREBBP_mut,0
SUP-B15,CUX1_mut,0
SUP-B15,EP300_mut,0
SUP-B15,FAT1_mut,0
SUP-B15,FBXW7_mut,0
SUP-B15,KDM6A_mut,0
SUP-B15,KRAS_mut,0
SUP-B15,MAP2K4_mut,0
SUP-B15,MLL.AFF1_mut,0
SUP-B15,NCOR1_mut,0
SUP-B15,NF1_mut,0
SUP-B15,NOTCH1_mut,0
SUP-B15,NRAS_mut,0
SUP-B15,PBRM1_mut,0
SUP-B15,PTEN_mut,0
SUP-B15,RB1_mut,0
SUP-B15,RPL5_mut,1
SUP-B15,SACS_mut,0
SUP-B15,SMAD4_mut,0
SUP-B15,SMARCA4_mut,0
SUP-B15,TP53_mut,0
SUP-T1,ARID1A_mut,0
SUP-T1,ARID1B_mut,0
SUP-T1,ASXL2_mut,1
SUP-T1,BAP1_mut,0
SUP-T1,CDKN2A_mut,0
SUP-T1,CNOT1_mut,0
SUP-T1,CNOT3_mut,0
SUP-T1,CREBBP_mut,0
SUP-T1,CUX1_mut,1
SUP-T1,EP300_mut,0
SUP-T1,FAT1_mut,1
SUP-T1,FBXW7_mut,0
SUP-T1,KDM6A_mut,0
SUP-T1,KRAS_mut,0
SUP-T1,MAP2K4_mut,0
SUP-T1,MLL.AFF1_mut,0
SUP-T1,NCOR1_mut,0
SUP-T1,NF1_mut,0
SUP-T1,NOTCH1_mut,0
SUP-T1,NRAS_mut,0
SUP-T1,PBRM1_mut,1
SUP-T1,PTEN_mut,0
SUP-T1,RB1_mut,0
SUP-T1,RPL5_mut,0
SUP-T1,SACS_mut,0
SUP-T1,SMAD4_mut,0
SUP-T1,SMARCA4_mut,0
SUP-T1,TP53_mut,1
TALL-1,ARID1A_mut,0
TALL-1,ARID1B_mut,0
TALL-1,ASXL2_mut,0
TALL-1,BAP1_mut,0
TALL-1,CDKN2A_mut,0
TALL-1,CNOT1_mut,0
TALL-1,CNOT3_mut,0
TALL-1,CREBBP_mut,0
TALL-1,CUX1_mut,0
TALL-1,EP300_mut,0
TALL-1,FAT1_mut,0
TALL-1,FBXW7_mut,0
TALL-1,KDM6A_mut,0
TALL-1,KRAS_mut,0
TALL-1,MAP2K4_mut,0
TALL-1,MLL.AFF1_mut,0
TALL-1,NCOR1_mut,0
TALL-1,NF1_mut,0
TALL-1,NOTCH1_mut,0
TALL-1,NRAS_mut,1
TALL-1,PBRM1_mut,0
TALL-1,PTEN_mut,0
TALL-1,RB1_mut,0
TALL-1,RPL5_mut,0
TALL-1,SACS_mut,0
TALL-1,SMAD4_mut,0
TALL-1,SMARCA4_mut,0
TALL-1,TP53_mut,1
